TeamName,Discipline,Country,Event
Belgium,3x3 Basketball,Belgium,Men
China,3x3 Basketball,People's Republic of China,Men
Japan,3x3 Basketball,Japan,Men
Latvia,3x3 Basketball,Latvia,Men
Netherlands,3x3 Basketball,Netherlands,Men
Poland,3x3 Basketball,Poland,Men
ROC,3x3 Basketball,ROC,Men
Serbia,3x3 Basketball,Serbia,Men
Argentina,Basketball,Argentina,Men
Australia,Basketball,Australia,Men
Czech Republic,Basketball,Czech Republic,Men
France,Basketball,France,Men
Germany,Basketball,Germany,Men
Islamic Rep. of Iran,Basketball,Islamic Republic of Iran,Men
Italy,Basketball,Italy,Men
Japan,Basketball,Japan,Men
Nigeria,Basketball,Nigeria,Men
Slovenia,Basketball,Slovenia,Men
Spain,Basketball,Spain,Men
United States,Basketball,United States of America,Men
Azaad/Capogrosso,Beach Volleyball,Argentina,Men
McHugh/Schumann,Beach Volleyball,Australia,Men
Alison/Alvaro Filho,Beach Volleyball,Brazil,Men
Evandro/Bruno Schmidt,Beach Volleyball,Brazil,Men
Grimalt M./Grimalt E.,Beach Volleyball,Chile,Men
Perusic/Schweiner,Beach Volleyball,Czech Republic,Men
Thole J./Wickler,Beach Volleyball,Germany,Men
Nicolai/Lupo,Beach Volleyball,Italy,Men
Carambula/Rossi,Beach Volleyball,Italy,Men
Gottsu/Shiratori,Beach Volleyball,Japan,Men
Plavins/Tocs,Beach Volleyball,Latvia,Men
Gaxiola/Rubio,Beach Volleyball,Mexico,Men
Abicha/Elgraoui,Beach Volleyball,Morocco,Men
Brouwer/Meeuwsen,Beach Volleyball,Netherlands,Men
Mol A./Sorum C.,Beach Volleyball,Norway,Men
Bryl/Fijalek,Beach Volleyball,Poland,Men
Kantor/Losiak,Beach Volleyball,Poland,Men
Cherif/Ahmed,Beach Volleyball,Qatar,Men
Krasilnikov/Stoyanovskiy,Beach Volleyball,ROC,Men
Leshukov/Semenov,Beach Volleyball,ROC,Men
Herrera/Gavira,Beach Volleyball,Spain,Men
Heidrich/Gerson,Beach Volleyball,Switzerland,Men
Gibb/Bourne,Beach Volleyball,United States of America,Men
Lucena/Dalhausser,Beach Volleyball,United States of America,Men
Argentina,Football,Argentina,Men
Australia,Football,Australia,Men
Brazil,Football,Brazil,Men
C�te d�Ivoire,Football,C�te d'Ivoire,Men
Egypt,Football,Egypt,Men
France,Football,France,Men
Germany,Football,Germany,Men
Honduras,Football,Honduras,Men
Japan,Football,Japan,Men
Mexico,Football,Mexico,Men
New Zealand,Football,New Zealand,Men
Republic of Korea,Football,Republic of Korea,Men
Romania,Football,Romania,Men
Saudi Arabia,Football,Saudi Arabia,Men
South Africa,Football,South Africa,Men
Spain,Football,Spain,Men
Argentina,Handball,Argentina,Men
Bahrain,Handball,Bahrain,Men
Brazil,Handball,Brazil,Men
Denmark,Handball,Denmark,Men
Egypt,Handball,Egypt,Men
France,Handball,France,Men
Germany,Handball,Germany,Men
Japan,Handball,Japan,Men
Norway,Handball,Norway,Men
Portugal,Handball,Portugal,Men
Spain,Handball,Spain,Men
Sweden,Handball,Sweden,Men
Argentina,Hockey,Argentina,Men
Australia,Hockey,Australia,Men
Belgium,Hockey,Belgium,Men
Canada,Hockey,Canada,Men
Germany,Hockey,Germany,Men
Great Britain,Hockey,Great Britain,Men
India,Hockey,India,Men
Japan,Hockey,Japan,Men
Netherlands,Hockey,Netherlands,Men
New Zealand,Hockey,New Zealand,Men
South Africa,Hockey,South Africa,Men
Spain,Hockey,Spain,Men
Argentina,Rugby Sevens,Argentina,Men
Australia,Rugby Sevens,Australia,Men
Canada,Rugby Sevens,Canada,Men
Fiji,Rugby Sevens,Fiji,Men
Great Britain,Rugby Sevens,Great Britain,Men
Ireland,Rugby Sevens,Ireland,Men
Japan,Rugby Sevens,Japan,Men
Kenya,Rugby Sevens,Kenya,Men
New Zealand,Rugby Sevens,New Zealand,Men
Republic of Korea,Rugby Sevens,Republic of Korea,Men
South Africa,Rugby Sevens,South Africa,Men
United States,Rugby Sevens,United States of America,Men
Argentina,Volleyball,Argentina,Men
Brazil,Volleyball,Brazil,Men
Canada,Volleyball,Canada,Men
France,Volleyball,France,Men
Islamic Rep. of Iran,Volleyball,Islamic Republic of Iran,Men
Italy,Volleyball,Italy,Men
Japan,Volleyball,Japan,Men
Poland,Volleyball,Poland,Men
ROC,Volleyball,ROC,Men
Tunisia,Volleyball,Tunisia,Men
United States,Volleyball,United States of America,Men
Venezuela,Volleyball,Venezuela,Men
Australia,Water Polo,Australia,Men
Croatia,Water Polo,Croatia,Men
Greece,Water Polo,Greece,Men
Hungary,Water Polo,Hungary,Men
Italy,Water Polo,Italy,Men
Japan,Water Polo,Japan,Men
Kazakhstan,Water Polo,Kazakhstan,Men
Montenegro,Water Polo,Montenegro,Men
Serbia,Water Polo,Serbia,Men
South Africa,Water Polo,South Africa,Men
Spain,Water Polo,Spain,Men
United States,Water Polo,United States of America,Men
